P50 (ms),P95 (ms),P99 (ms),Min (ms),Max (ms),Total Time (s)
2405.0554037094116,4002.0960569381714,4271.19038105011,144.74105834960938,4367.231845855713,20.77015995979309
