P50 (ms),P95 (ms),P99 (ms),Min (ms),Max (ms),Total Time (s)
369.0764904022217,1131.1403989791866,1460.3169560432434,14.317035675048828,1507.3370933532715,31.200428247451782
